build/LSHSJ_mpi	datasets/lsh1GB.dat	1	1	9956009	4.25917	9.69891	83.8563	
build/LSHSJ_mpi	datasets/lsh1GB.dat	1	1	9956009	4.13929	9.66763	83.7767	
build/LSHSJ_mpi	datasets/lsh1GB.dat	1	1	9956009	4.29125	9.57969	84.5694	
build/LSHSJ_mpi	datasets/lsh5GB.dat	1	1	49742981	18.8171	56.0069	479.735	
build/LSHSJ_mpi	datasets/lsh5GB.dat	1	1	49742981	19.2592	59.3242	481.161	
build/LSHSJ_mpi	datasets/lsh5GB.dat	1	1	49742981	18.8493	57.9827	480.175	
build/LSHSJ_mpi	datasets/lsh10GB.dat	1	1	99482711	42.8916	110.794	1140.02	
build/LSHSJ_mpi	datasets/lsh10GB.dat	1	1	99482711	38.222	100.319	1121.24	
build/LSHSJ_mpi	datasets/lsh10GB.dat	1	1	99482711	37.6893	128.619	1134.75	
